{"cameraMode":{"drawMode":0,"name":"Shaded","section":"Shading Mode"},"sceneLighting":false,"audioPlay":false,"sceneViewState":{"m_AlwaysRefresh":false,"showFog":true,"showSkybox":false,"showFlares":true,"showImageEffects":true,"showParticleSystems":true,"showVisualEffectGraphs":true,"m_FxEnabled":true},"in2DMode":false,"pivot":{"x":-5.88700008392334,"y":0.5049999952316284,"z":-1.9550001621246338},"rotation":{"x":0.0021258341148495676,"y":0.8813936710357666,"z":-0.4723917841911316,"w":0.003967999946326017},"size":1.0426948070526124,"orthographic":false}