{"cameraMode":{"drawMode":0,"name":"Shaded","section":"Shading Mode"},"sceneLighting":true,"audioPlay":false,"sceneViewState":{"m_AlwaysRefresh":false,"showFog":true,"showSkybox":true,"showFlares":true,"showImageEffects":true,"showParticleSystems":true,"showVisualEffectGraphs":true,"m_FxEnabled":true},"in2DMode":false,"pivot":{"x":501.5247802734375,"y":276.7240295410156,"z":-309.51513671875},"rotation":{"x":0.01199355162680149,"y":0.025789543986320497,"z":-0.00034344702726230025,"w":0.9996322393417358},"size":92.88420104980469,"orthographic":false}